1,-246296.0,-254227.0,-191138.0,-249782.0,-254039.0,-197776.0,-242818.0,-254039.0,-197776.0
2,-244615.0,-253991.0,-146923.0,-248619.0,-253963.0,-154525.0,-241711.0,-253675.0,-154525.0
3,-237807.0,-252736.0,-146923.0,-241711.0,-253675.0,-154525.0,-235029.0,-251672.0,-154525.0
4,-241711.0,-253675.0,-154525.0,-237807.0,-252736.0,-146923.0,-244615.0,-253991.0,-146923.0
5,-235029.0,-251672.0,-154525.0,-231417.0,-249663.0,-146923.0,-237807.0,-252736.0,-146923.0
6,-225813.0,-244710.0,-146923.0,-228895.0,-247743.0,-154525.0,-223776.0,-242163.0,-154525.0
7,-228895.0,-247743.0,-154525.0,-225813.0,-244710.0,-146923.0,-231417.0,-249663.0,-146923.0
8,-223776.0,-242163.0,-154525.0,-221551.0,-238507.0,-146923.0,-225813.0,-244710.0,-146923.0
9,-231417.0,-249663.0,-146923.0,-235029.0,-251672.0,-154525.0,-228895.0,-247743.0,-154525.0
10,-219125.0,-231768.0,-146923.0,-220267.0,-235691.0,-154525.0,-218666.0,-228863.0,-154525.0
11,-220267.0,-235691.0,-154525.0,-219125.0,-231768.0,-146923.0,-221551.0,-238507.0,-146923.0
12,-218666.0,-228863.0,-154525.0,-218611.0,-224859.0,-146923.0,-219125.0,-231768.0,-146923.0
13,-221551.0,-238507.0,-146923.0,-223776.0,-242163.0,-154525.0,-220267.0,-235691.0,-154525.0
14,-219979.0,-218069.0,-146923.0,-218961.0,-221971.0,-154525.0,-221127.0,-215300.0,-154525.0
15,-218961.0,-221971.0,-154525.0,-219979.0,-218069.0,-146923.0,-218611.0,-224859.0,-146923.0
16,-221127.0,-215300.0,-154525.0,-223198.0,-211677.0,-146923.0,-219979.0,-218069.0,-146923.0
17,-218611.0,-224859.0,-146923.0,-218666.0,-228863.0,-154525.0,-218961.0,-221971.0,-154525.0
18,-228149.0,-206039.0,-146923.0,-225129.0,-209140.0,-154525.0,-230679.0,-204004.0,-154525.0
19,-225129.0,-209140.0,-154525.0,-228149.0,-206039.0,-146923.0,-223198.0,-211677.0,-146923.0
20,-230679.0,-204004.0,-154525.0,-234355.0,-201811.0,-146923.0,-228149.0,-206039.0,-146923.0
21,-223198.0,-211677.0,-146923.0,-221127.0,-215300.0,-154525.0,-225129.0,-209140.0,-154525.0
22,-241214.0,-199552.0,-146923.0,-237230.0,-200603.0,-154525.0,-244119.0,-199164.0,-154525.0
23,-237230.0,-200603.0,-154525.0,-241214.0,-199552.0,-146923.0,-234355.0,-201811.0,-146923.0
24,-234355.0,-201811.0,-146923.0,-230679.0,-204004.0,-154525.0,-237230.0,-200603.0,-154525.0
25,-248619.0,-253963.0,-154525.0,-244615.0,-253991.0,-146923.0,-251526.0,-253578.0,-146923.0
26,-248619.0,-253963.0,-154525.0,-252484.0,-253408.0,-162119.0,-245583.0,-254065.0,-162119.0
27,-241711.0,-253675.0,-154525.0,-245583.0,-254065.0,-162119.0,-238727.0,-253050.0,-162119.0
28,-245583.0,-254065.0,-162119.0,-241711.0,-253675.0,-154525.0,-248619.0,-253963.0,-154525.0
29,-238727.0,-253050.0,-162119.0,-235029.0,-251672.0,-154525.0,-241711.0,-253675.0,-154525.0
30,-228895.0,-247743.0,-154525.0,-232225.0,-250202.0,-162119.0,-226443.0,-245444.0,-162119.0
31,-232225.0,-250202.0,-162119.0,-228895.0,-247743.0,-154525.0,-235029.0,-251672.0,-154525.0
32,-226443.0,-245444.0,-162119.0,-223776.0,-242163.0,-154525.0,-228895.0,-247743.0,-154525.0
33,-235029.0,-251672.0,-154525.0,-238727.0,-253050.0,-162119.0,-232225.0,-250202.0,-162119.0
34,-220267.0,-235691.0,-154525.0,-221959.0,-239388.0,-162119.0,-219294.0,-232731.0,-162119.0
35,-221959.0,-239388.0,-162119.0,-220267.0,-235691.0,-154525.0,-223776.0,-242163.0,-154525.0
36,-219294.0,-232731.0,-162119.0,-218666.0,-228863.0,-154525.0,-220267.0,-235691.0,-154525.0
37,-223776.0,-242163.0,-154525.0,-226443.0,-245444.0,-162119.0,-221959.0,-239388.0,-162119.0
38,-218961.0,-221971.0,-154525.0,-218536.0,-225837.0,-162119.0,-219664.0,-218995.0,-162119.0
39,-218536.0,-225837.0,-162119.0,-218961.0,-221971.0,-154525.0,-218666.0,-228863.0,-154525.0
40,-219664.0,-218995.0,-162119.0,-221127.0,-215300.0,-154525.0,-218961.0,-221971.0,-154525.0
41,-218666.0,-228863.0,-154525.0,-219294.0,-232731.0,-162119.0,-218536.0,-225837.0,-162119.0
42,-225129.0,-209140.0,-154525.0,-222659.0,-212485.0,-162119.0,-227414.0,-206669.0,-162119.0
43,-222659.0,-212485.0,-162119.0,-225129.0,-209140.0,-154525.0,-221127.0,-215300.0,-154525.0
44,-227414.0,-206669.0,-162119.0,-230679.0,-204004.0,-154525.0,-225129.0,-209140.0,-154525.0
45,-221127.0,-215300.0,-154525.0,-219664.0,-218995.0,-162119.0,-222659.0,-212485.0,-162119.0
46,-237230.0,-200603.0,-154525.0,-233474.0,-202220.0,-162119.0,-240257.0,-199717.0,-162119.0
47,-233474.0,-202220.0,-162119.0,-237230.0,-200603.0,-154525.0,-230679.0,-204004.0,-154525.0
48,-240257.0,-199717.0,-162119.0,-244119.0,-199164.0,-154525.0,-237230.0,-200603.0,-154525.0
49,-230679.0,-204004.0,-154525.0,-227414.0,-206669.0,-162119.0,-233474.0,-202220.0,-162119.0
50,-245583.0,-254065.0,-162119.0,-249368.0,-253958.0,-169640.0,-242437.0,-253857.0,-169640.0
51,-238727.0,-253050.0,-162119.0,-242437.0,-253857.0,-169640.0,-235688.0,-252031.0,-169640.0
52,-242437.0,-253857.0,-169640.0,-238727.0,-253050.0,-162119.0,-245583.0,-254065.0,-162119.0
53,-235688.0,-252031.0,-169640.0,-232225.0,-250202.0,-162119.0,-238727.0,-253050.0,-162119.0
54,-226443.0,-245444.0,-162119.0,-229434.0,-248260.0,-169640.0,-224152.0,-242808.0,-169640.0
55,-229434.0,-248260.0,-169640.0,-226443.0,-245444.0,-162119.0,-232225.0,-250202.0,-162119.0
56,-224152.0,-242808.0,-169640.0,-221959.0,-239388.0,-162119.0,-226443.0,-245444.0,-162119.0
57,-232225.0,-250202.0,-162119.0,-235688.0,-252031.0,-169640.0,-229434.0,-248260.0,-169640.0
58,-219294.0,-232731.0,-162119.0,-220461.0,-236417.0,-169640.0,-218671.0,-229618.0,-169640.0
59,-220461.0,-236417.0,-169640.0,-219294.0,-232731.0,-162119.0,-221959.0,-239388.0,-162119.0
60,-218671.0,-229618.0,-169640.0,-218536.0,-225837.0,-162119.0,-219294.0,-232731.0,-162119.0
61,-221959.0,-239388.0,-162119.0,-224152.0,-242808.0,-169640.0,-220461.0,-236417.0,-169640.0
62,-219664.0,-218995.0,-162119.0,-218779.0,-222704.0,-169640.0,-220769.0,-215959.0,-169640.0
63,-218779.0,-222704.0,-169640.0,-219664.0,-218995.0,-162119.0,-218536.0,-225837.0,-162119.0
64,-220769.0,-215959.0,-169640.0,-222659.0,-212485.0,-162119.0,-219664.0,-218995.0,-162119.0
65,-218536.0,-225837.0,-162119.0,-218671.0,-229618.0,-169640.0,-218779.0,-222704.0,-169640.0
66,-227414.0,-206669.0,-162119.0,-224612.0,-209678.0,-169640.0,-230033.0,-204381.0,-169640.0
67,-224612.0,-209678.0,-169640.0,-227414.0,-206669.0,-162119.0,-222659.0,-212485.0,-162119.0
68,-230033.0,-204381.0,-169640.0,-233474.0,-202220.0,-162119.0,-227414.0,-206669.0,-162119.0
69,-222659.0,-212485.0,-162119.0,-220769.0,-215959.0,-169640.0,-224612.0,-209678.0,-169640.0
70,-240257.0,-199717.0,-162119.0,-236506.0,-200795.0,-169640.0,-243370.0,-199166.0,-169640.0
71,-236506.0,-200795.0,-169640.0,-240257.0,-199717.0,-162119.0,-233474.0,-202220.0,-162119.0
72,-233474.0,-202220.0,-162119.0,-230033.0,-204381.0,-169640.0,-236506.0,-200795.0,-169640.0
73,-249368.0,-253958.0,-169640.0,-245583.0,-254065.0,-162119.0,-252484.0,-253408.0,-162119.0
74,-249368.0,-253958.0,-169640.0,-253022.0,-253365.0,-177028.0,-246115.0,-254157.0,-177028.0
75,-242437.0,-253857.0,-169640.0,-246115.0,-254157.0,-177028.0,-239219.0,-253272.0,-177028.0
76,-246115.0,-254157.0,-177028.0,-242437.0,-253857.0,-169640.0,-249368.0,-253958.0,-169640.0
77,-239219.0,-253272.0,-177028.0,-235688.0,-252031.0,-169640.0,-242437.0,-253857.0,-169640.0
78,-229434.0,-248260.0,-169640.0,-232643.0,-250542.0,-177028.0,-226753.0,-245883.0,-177028.0
79,-232643.0,-250542.0,-177028.0,-229434.0,-248260.0,-169640.0,-235688.0,-252031.0,-169640.0
80,-226753.0,-245883.0,-177028.0,-224152.0,-242808.0,-169640.0,-229434.0,-248260.0,-169640.0
81,-235688.0,-252031.0,-169640.0,-239219.0,-253272.0,-177028.0,-232643.0,-250542.0,-177028.0
82,-220461.0,-236417.0,-169640.0,-222139.0,-239896.0,-177028.0,-219337.0,-233272.0,-177028.0
83,-222139.0,-239896.0,-177028.0,-220461.0,-236417.0,-169640.0,-224152.0,-242808.0,-169640.0
84,-219337.0,-233272.0,-177028.0,-218671.0,-229618.0,-169640.0,-220461.0,-236417.0,-169640.0
85,-224152.0,-242808.0,-169640.0,-226753.0,-245883.0,-177028.0,-222139.0,-239896.0,-177028.0
86,-218779.0,-222704.0,-169640.0,-218443.0,-226373.0,-177028.0,-219442.0,-219490.0,-177028.0
87,-218443.0,-226373.0,-177028.0,-218779.0,-222704.0,-169640.0,-218671.0,-229618.0,-169640.0
88,-219442.0,-219490.0,-177028.0,-220769.0,-215959.0,-169640.0,-218779.0,-222704.0,-169640.0
89,-218671.0,-229618.0,-169640.0,-219337.0,-233272.0,-177028.0,-218443.0,-226373.0,-177028.0
90,-224612.0,-209678.0,-169640.0,-222319.0,-212904.0,-177028.0,-226974.0,-206979.0,-177028.0
91,-222319.0,-212904.0,-177028.0,-224612.0,-209678.0,-169640.0,-220769.0,-215959.0,-169640.0
92,-226974.0,-206979.0,-177028.0,-230033.0,-204381.0,-169640.0,-224612.0,-209678.0,-169640.0
93,-220769.0,-215959.0,-169640.0,-219442.0,-219490.0,-177028.0,-222319.0,-212904.0,-177028.0
94,-236506.0,-200795.0,-169640.0,-232965.0,-202399.0,-177028.0,-239719.0,-199758.0,-177028.0
95,-232965.0,-202399.0,-177028.0,-236506.0,-200795.0,-169640.0,-230033.0,-204381.0,-169640.0
96,-239719.0,-199758.0,-177028.0,-243370.0,-199166.0,-169640.0,-236506.0,-200795.0,-169640.0
97,-230033.0,-204381.0,-169640.0,-226974.0,-206979.0,-177028.0,-232965.0,-202399.0,-177028.0
98,-246115.0,-254157.0,-177028.0,-249718.0,-253999.0,-184212.0,-242766.0,-253984.0,-184212.0
99,-239219.0,-253272.0,-177028.0,-242766.0,-253984.0,-184212.0,-235974.0,-252237.0,-184212.0
100,-242766.0,-253984.0,-184212.0,-239219.0,-253272.0,-177028.0,-246115.0,-254157.0,-177028.0
101,-235974.0,-252237.0,-184212.0,-232643.0,-250542.0,-177028.0,-239219.0,-253272.0,-177028.0
102,-226753.0,-245883.0,-177028.0,-229655.0,-248533.0,-184212.0,-224290.0,-243131.0,-184212.0
103,-229655.0,-248533.0,-184212.0,-226753.0,-245883.0,-177028.0,-232643.0,-250542.0,-177028.0
104,-224290.0,-243131.0,-184212.0,-222139.0,-239896.0,-177028.0,-226753.0,-245883.0,-177028.0
105,-232643.0,-250542.0,-177028.0,-235974.0,-252237.0,-184212.0,-229655.0,-248533.0,-184212.0
106,-219337.0,-233272.0,-177028.0,-220508.0,-236767.0,-184212.0,-218628.0,-229970.0,-184212.0
107,-220508.0,-236767.0,-184212.0,-219337.0,-233272.0,-177028.0,-222139.0,-239896.0,-177028.0
108,-218628.0,-229970.0,-184212.0,-218443.0,-226373.0,-177028.0,-219337.0,-233272.0,-177028.0
109,-222139.0,-239896.0,-177028.0,-224290.0,-243131.0,-184212.0,-220508.0,-236767.0,-184212.0
110,-219442.0,-219490.0,-177028.0,-218651.0,-223035.0,-184212.0,-220562.0,-216246.0,-184212.0
111,-218651.0,-223035.0,-184212.0,-219442.0,-219490.0,-177028.0,-218443.0,-226373.0,-177028.0
112,-220562.0,-216246.0,-184212.0,-222319.0,-212904.0,-177028.0,-219442.0,-219490.0,-177028.0
113,-218443.0,-226373.0,-177028.0,-218628.0,-229970.0,-184212.0,-218651.0,-223035.0,-184212.0
114,-226974.0,-206979.0,-177028.0,-224338.0,-209899.0,-184212.0,-229710.0,-204519.0,-184212.0
115,-224338.0,-209899.0,-184212.0,-226974.0,-206979.0,-177028.0,-222319.0,-212904.0,-177028.0
116,-229710.0,-204519.0,-184212.0,-232965.0,-202399.0,-177028.0,-226974.0,-206979.0,-177028.0
117,-222319.0,-212904.0,-177028.0,-220562.0,-216246.0,-184212.0,-224338.0,-209899.0,-184212.0
118,-239719.0,-199758.0,-177028.0,-236157.0,-200842.0,-184212.0,-243021.0,-199122.0,-184212.0
119,-236157.0,-200842.0,-184212.0,-239719.0,-199758.0,-177028.0,-232965.0,-202399.0,-177028.0
120,-232965.0,-202399.0,-177028.0,-229710.0,-204519.0,-184212.0,-236157.0,-200842.0,-184212.0
121,-249718.0,-253999.0,-184212.0,-246115.0,-254157.0,-177028.0,-253022.0,-253365.0,-177028.0
122,-249718.0,-253999.0,-184212.0,-253215.0,-253387.0,-191138.0,-246296.0,-254227.0,-191138.0
123,-242766.0,-253984.0,-184212.0,-246296.0,-254227.0,-191138.0,-239378.0,-253385.0,-191138.0
124,-246296.0,-254227.0,-191138.0,-242766.0,-253984.0,-184212.0,-249718.0,-253999.0,-184212.0
125,-239378.0,-253385.0,-191138.0,-235974.0,-252237.0,-184212.0,-242766.0,-253984.0,-184212.0
126,-229655.0,-248533.0,-184212.0,-232768.0,-250691.0,-191138.0,-226832.0,-246060.0,-191138.0
127,-232768.0,-250691.0,-191138.0,-229655.0,-248533.0,-184212.0,-235974.0,-252237.0,-184212.0
128,-226832.0,-246060.0,-191138.0,-224290.0,-243131.0,-184212.0,-229655.0,-248533.0,-184212.0
129,-235974.0,-252237.0,-184212.0,-239378.0,-253385.0,-191138.0,-232768.0,-250691.0,-191138.0
130,-220508.0,-236767.0,-184212.0,-222167.0,-240089.0,-191138.0,-219314.0,-233467.0,-191138.0
131,-222167.0,-240089.0,-191138.0,-220508.0,-236767.0,-184212.0,-224290.0,-243131.0,-184212.0
132,-219314.0,-233467.0,-191138.0,-218628.0,-229970.0,-184212.0,-220508.0,-236767.0,-184212.0
133,-224290.0,-243131.0,-184212.0,-226832.0,-246060.0,-191138.0,-222167.0,-240089.0,-191138.0
134,-218651.0,-223035.0,-184212.0,-218372.0,-226556.0,-191138.0,-219329.0,-219649.0,-191138.0
135,-218372.0,-226556.0,-191138.0,-218651.0,-223035.0,-184212.0,-218628.0,-229970.0,-184212.0
136,-219329.0,-219649.0,-191138.0,-220562.0,-216246.0,-184212.0,-218651.0,-223035.0,-184212.0
137,-218628.0,-229970.0,-184212.0,-219314.0,-233467.0,-191138.0,-218372.0,-226556.0,-191138.0
138,-224338.0,-209899.0,-184212.0,-222170.0,-213028.0,-191138.0,-226797.0,-207058.0,-191138.0
139,-222170.0,-213028.0,-191138.0,-224338.0,-209899.0,-184212.0,-220562.0,-216246.0,-184212.0
140,-226797.0,-207058.0,-191138.0,-229710.0,-204519.0,-184212.0,-224338.0,-209899.0,-184212.0
141,-220562.0,-216246.0,-184212.0,-219329.0,-219649.0,-191138.0,-222170.0,-213028.0,-191138.0
142,-236157.0,-200842.0,-184212.0,-232773.0,-202427.0,-191138.0,-239526.0,-199735.0,-191138.0
143,-232773.0,-202427.0,-191138.0,-236157.0,-200842.0,-184212.0,-229710.0,-204519.0,-184212.0
144,-239526.0,-199735.0,-191138.0,-243021.0,-199122.0,-184212.0,-236157.0,-200842.0,-184212.0
145,-229710.0,-204519.0,-184212.0,-226797.0,-207058.0,-191138.0,-232773.0,-202427.0,-191138.0
146,-239378.0,-253385.0,-191138.0,-242818.0,-254039.0,-197776.0,-236010.0,-252303.0,-197776.0
147,-242818.0,-254039.0,-197776.0,-239378.0,-253385.0,-191138.0,-246296.0,-254227.0,-191138.0
148,-236010.0,-252303.0,-197776.0,-232768.0,-250691.0,-191138.0,-239378.0,-253385.0,-191138.0
149,-226832.0,-246060.0,-191138.0,-229673.0,-248606.0,-197776.0,-224287.0,-243206.0,-197776.0
150,-229673.0,-248606.0,-197776.0,-226832.0,-246060.0,-191138.0,-232768.0,-250691.0,-191138.0
151,-224287.0,-243206.0,-197776.0,-222167.0,-240089.0,-191138.0,-226832.0,-246060.0,-191138.0
152,-232768.0,-250691.0,-191138.0,-236010.0,-252303.0,-197776.0,-229673.0,-248606.0,-197776.0
153,-219314.0,-233467.0,-191138.0,-220485.0,-236840.0,-197776.0,-218588.0,-230035.0,-197776.0
154,-220485.0,-236840.0,-197776.0,-219314.0,-233467.0,-191138.0,-222167.0,-240089.0,-191138.0
155,-218588.0,-230035.0,-197776.0,-218372.0,-226556.0,-191138.0,-219314.0,-233467.0,-191138.0
156,-222167.0,-240089.0,-191138.0,-224287.0,-243206.0,-197776.0,-220485.0,-236840.0,-197776.0
157,-219329.0,-219649.0,-191138.0,-218596.0,-223088.0,-197776.0,-220496.0,-216283.0,-197776.0
158,-218596.0,-223088.0,-197776.0,-219329.0,-219649.0,-191138.0,-218372.0,-226556.0,-191138.0
159,-220496.0,-216283.0,-197776.0,-222170.0,-213028.0,-191138.0,-219329.0,-219649.0,-191138.0
160,-218372.0,-226556.0,-191138.0,-218588.0,-230035.0,-197776.0,-218596.0,-223088.0,-197776.0
161,-226797.0,-207058.0,-191138.0,-224265.0,-209916.0,-197776.0,-229634.0,-204516.0,-197776.0
162,-224265.0,-209916.0,-197776.0,-226797.0,-207058.0,-191138.0,-222170.0,-213028.0,-191138.0
163,-229634.0,-204516.0,-197776.0,-232773.0,-202427.0,-191138.0,-226797.0,-207058.0,-191138.0
164,-222170.0,-213028.0,-191138.0,-220496.0,-216283.0,-197776.0,-224265.0,-209916.0,-197776.0
165,-239526.0,-199735.0,-191138.0,-236085.0,-200819.0,-197776.0,-242957.0,-199082.0,-197776.0
166,-236085.0,-200819.0,-197776.0,-239526.0,-199735.0,-191138.0,-232773.0,-202427.0,-191138.0
167,-232773.0,-202427.0,-191138.0,-229634.0,-204516.0,-197776.0,-236085.0,-200819.0,-197776.0
168,-249782.0,-254039.0,-197776.0,-246296.0,-254227.0,-191138.0,-253215.0,-253387.0,-191138.0
169,-246304.0,-198895.0,-191138.0,-242957.0,-199082.0,-197776.0,-249643.0,-199082.0,-197776.0
170,-247986.0,-199131.0,-146923.0,-244118.0,-199164.0,-154525.0,-250751.0,-199440.0,-154525.0
171,-254653.0,-200377.0,-146923.0,-250751.0,-199440.0,-154525.0,-257496.0,-201447.0,-154525.0
172,-250751.0,-199440.0,-154525.0,-254653.0,-200377.0,-146923.0,-247986.0,-199131.0,-146923.0
173,-257496.0,-201447.0,-154525.0,-261184.0,-203459.0,-146923.0,-254653.0,-200377.0,-146923.0
174,-266826.0,-208414.0,-146923.0,-263742.0,-205381.0,-154525.0,-268846.0,-210960.0,-154525.0
175,-263742.0,-205381.0,-154525.0,-266826.0,-208414.0,-146923.0,-261184.0,-203459.0,-146923.0
176,-268846.0,-210960.0,-154525.0,-271050.0,-214616.0,-146923.0,-266826.0,-208414.0,-146923.0
177,-261184.0,-203459.0,-146923.0,-257496.0,-201447.0,-154525.0,-263742.0,-205381.0,-154525.0
178,-273462.0,-221354.0,-146923.0,-272322.0,-217431.0,-154525.0,-273926.0,-224260.0,-154525.0
179,-272322.0,-217431.0,-154525.0,-273462.0,-221354.0,-146923.0,-271050.0,-214616.0,-146923.0
180,-273926.0,-224260.0,-154525.0,-273989.0,-228261.0,-146923.0,-273462.0,-221354.0,-146923.0
181,-271050.0,-214616.0,-146923.0,-268846.0,-210960.0,-154525.0,-272322.0,-217431.0,-154525.0
182,-272634.0,-235054.0,-146923.0,-273647.0,-231152.0,-154525.0,-271483.0,-237823.0,-154525.0
183,-273647.0,-231152.0,-154525.0,-272634.0,-235054.0,-146923.0,-273989.0,-228261.0,-146923.0
184,-271483.0,-237823.0,-154525.0,-269401.0,-241446.0,-146923.0,-272634.0,-235054.0,-146923.0
185,-273989.0,-228261.0,-146923.0,-273926.0,-224260.0,-154525.0,-273647.0,-231152.0,-154525.0
186,-264412.0,-247081.0,-146923.0,-267449.0,-243982.0,-154525.0,-261883.0,-249117.0,-154525.0
187,-267449.0,-243982.0,-154525.0,-264412.0,-247081.0,-146923.0,-269401.0,-241446.0,-146923.0
188,-261883.0,-249117.0,-154525.0,-258244.0,-251311.0,-146923.0,-264412.0,-247081.0,-146923.0
189,-269401.0,-241446.0,-146923.0,-271483.0,-237823.0,-154525.0,-267449.0,-243982.0,-154525.0
190,-251526.0,-253578.0,-146923.0,-255444.0,-252522.0,-154525.0,-248619.0,-253963.0,-154525.0
191,-255444.0,-252522.0,-154525.0,-251526.0,-253578.0,-146923.0,-258244.0,-251311.0,-146923.0
192,-258244.0,-251311.0,-146923.0,-261883.0,-249117.0,-154525.0,-255444.0,-252522.0,-154525.0
193,-244118.0,-199164.0,-154525.0,-247986.0,-199131.0,-146923.0,-241216.0,-199552.0,-146923.0
194,-244118.0,-199164.0,-154525.0,-240259.0,-199717.0,-162119.0,-247017.0,-199057.0,-162119.0
195,-250751.0,-199440.0,-154525.0,-247017.0,-199057.0,-162119.0,-253732.0,-200068.0,-162119.0
196,-247017.0,-199057.0,-162119.0,-250751.0,-199440.0,-154525.0,-244118.0,-199164.0,-154525.0
197,-253732.0,-200068.0,-162119.0,-257496.0,-201447.0,-154525.0,-250751.0,-199440.0,-154525.0
198,-263742.0,-205381.0,-154525.0,-260376.0,-202921.0,-162119.0,-266196.0,-207679.0,-162119.0
199,-260376.0,-202921.0,-162119.0,-263742.0,-205381.0,-154525.0,-257496.0,-201447.0,-154525.0
200,-266196.0,-207679.0,-162119.0,-268846.0,-210960.0,-154525.0,-263742.0,-205381.0,-154525.0
201,-257496.0,-201447.0,-154525.0,-253732.0,-200068.0,-162119.0,-260376.0,-202921.0,-162119.0
202,-272322.0,-217431.0,-154525.0,-270641.0,-213735.0,-162119.0,-273293.0,-220392.0,-162119.0
203,-270641.0,-213735.0,-162119.0,-272322.0,-217431.0,-154525.0,-268846.0,-210960.0,-154525.0
204,-273293.0,-220392.0,-162119.0,-273926.0,-224260.0,-154525.0,-272322.0,-217431.0,-154525.0
205,-268846.0,-210960.0,-154525.0,-266196.0,-207679.0,-162119.0,-270641.0,-213735.0,-162119.0
206,-273647.0,-231152.0,-154525.0,-274064.0,-227283.0,-162119.0,-272948.0,-234128.0,-162119.0
207,-274064.0,-227283.0,-162119.0,-273647.0,-231152.0,-154525.0,-273926.0,-224260.0,-154525.0
208,-272948.0,-234128.0,-162119.0,-271483.0,-237823.0,-154525.0,-273647.0,-231152.0,-154525.0
209,-273926.0,-224260.0,-154525.0,-273293.0,-220392.0,-162119.0,-274064.0,-227283.0,-162119.0
210,-267449.0,-243982.0,-154525.0,-269940.0,-240638.0,-162119.0,-265146.0,-246452.0,-162119.0
211,-269940.0,-240638.0,-162119.0,-267449.0,-243982.0,-154525.0,-271483.0,-237823.0,-154525.0
212,-265146.0,-246452.0,-162119.0,-261883.0,-249117.0,-154525.0,-267449.0,-243982.0,-154525.0
213,-271483.0,-237823.0,-154525.0,-272948.0,-234128.0,-162119.0,-269940.0,-240638.0,-162119.0
214,-255444.0,-252522.0,-154525.0,-259125.0,-250902.0,-162119.0,-252484.0,-253408.0,-162119.0
215,-259125.0,-250902.0,-162119.0,-255444.0,-252522.0,-154525.0,-261883.0,-249117.0,-154525.0
216,-252484.0,-253408.0,-162119.0,-248619.0,-253963.0,-154525.0,-255444.0,-252522.0,-154525.0
217,-261883.0,-249117.0,-154525.0,-265146.0,-246452.0,-162119.0,-259125.0,-250902.0,-162119.0
218,-247017.0,-199057.0,-162119.0,-243370.0,-199166.0,-169640.0,-250024.0,-199262.0,-169640.0
219,-253732.0,-200068.0,-162119.0,-250024.0,-199262.0,-169640.0,-256837.0,-201090.0,-169640.0
220,-250024.0,-199262.0,-169640.0,-253732.0,-200068.0,-162119.0,-247017.0,-199057.0,-162119.0
221,-256837.0,-201090.0,-169640.0,-260376.0,-202921.0,-162119.0,-253732.0,-200068.0,-162119.0
222,-266196.0,-207679.0,-162119.0,-263204.0,-204863.0,-169640.0,-268469.0,-210315.0,-169640.0
223,-263204.0,-204863.0,-169640.0,-266196.0,-207679.0,-162119.0,-260376.0,-202921.0,-162119.0
224,-268469.0,-210315.0,-169640.0,-270641.0,-213735.0,-162119.0,-266196.0,-207679.0,-162119.0
225,-260376.0,-202921.0,-162119.0,-256837.0,-201090.0,-169640.0,-263204.0,-204863.0,-169640.0
226,-273293.0,-220392.0,-162119.0,-272128.0,-216705.0,-169640.0,-273921.0,-223505.0,-169640.0
227,-272128.0,-216705.0,-169640.0,-273293.0,-220392.0,-162119.0,-270641.0,-213735.0,-162119.0
228,-273921.0,-223505.0,-169640.0,-274064.0,-227283.0,-162119.0,-273293.0,-220392.0,-162119.0
229,-270641.0,-213735.0,-162119.0,-268469.0,-210315.0,-169640.0,-272128.0,-216705.0,-169640.0
230,-272948.0,-234128.0,-162119.0,-273829.0,-230419.0,-169640.0,-271842.0,-237163.0,-169640.0
231,-273829.0,-230419.0,-169640.0,-272948.0,-234128.0,-162119.0,-274064.0,-227283.0,-162119.0
232,-271842.0,-237163.0,-169640.0,-269940.0,-240638.0,-162119.0,-272948.0,-234128.0,-162119.0
233,-274064.0,-227283.0,-162119.0,-273921.0,-223505.0,-169640.0,-273829.0,-230419.0,-169640.0
234,-265146.0,-246452.0,-162119.0,-267967.0,-243444.0,-169640.0,-262528.0,-248741.0,-169640.0
235,-267967.0,-243444.0,-169640.0,-265146.0,-246452.0,-162119.0,-269940.0,-240638.0,-162119.0
236,-262528.0,-248741.0,-169640.0,-259125.0,-250902.0,-162119.0,-265146.0,-246452.0,-162119.0
237,-269940.0,-240638.0,-162119.0,-271842.0,-237163.0,-169640.0,-267967.0,-243444.0,-169640.0
238,-252484.0,-253408.0,-162119.0,-256168.0,-252328.0,-169640.0,-249368.0,-253958.0,-169640.0
239,-256168.0,-252328.0,-169640.0,-252484.0,-253408.0,-162119.0,-259125.0,-250902.0,-162119.0
240,-259125.0,-250902.0,-162119.0,-262528.0,-248741.0,-169640.0,-256168.0,-252328.0,-169640.0
241,-243370.0,-199166.0,-169640.0,-247017.0,-199057.0,-162119.0,-240259.0,-199717.0,-162119.0
242,-243370.0,-199166.0,-169640.0,-239721.0,-199758.0,-177028.0,-246486.0,-198965.0,-177028.0
243,-250024.0,-199262.0,-169640.0,-246486.0,-198965.0,-177028.0,-253239.0,-199849.0,-177028.0
244,-246486.0,-198965.0,-177028.0,-250024.0,-199262.0,-169640.0,-243370.0,-199166.0,-169640.0
245,-253239.0,-199849.0,-177028.0,-256837.0,-201090.0,-169640.0,-250024.0,-199262.0,-169640.0
246,-263204.0,-204863.0,-169640.0,-259957.0,-202580.0,-177028.0,-265886.0,-207240.0,-177028.0
247,-259957.0,-202580.0,-177028.0,-263204.0,-204863.0,-169640.0,-256837.0,-201090.0,-169640.0
248,-265886.0,-207240.0,-177028.0,-268469.0,-210315.0,-169640.0,-263204.0,-204863.0,-169640.0
249,-256837.0,-201090.0,-169640.0,-253239.0,-199849.0,-177028.0,-259957.0,-202580.0,-177028.0
250,-272128.0,-216705.0,-169640.0,-270461.0,-213226.0,-177028.0,-273250.0,-219850.0,-177028.0
251,-270461.0,-213226.0,-177028.0,-272128.0,-216705.0,-169640.0,-268469.0,-210315.0,-169640.0
252,-273250.0,-219850.0,-177028.0,-273921.0,-223505.0,-169640.0,-272128.0,-216705.0,-169640.0
253,-268469.0,-210315.0,-169640.0,-265886.0,-207240.0,-177028.0,-270461.0,-213226.0,-177028.0
254,-273829.0,-230419.0,-169640.0,-274157.0,-226747.0,-177028.0,-273170.0,-233633.0,-177028.0
255,-274157.0,-226747.0,-177028.0,-273829.0,-230419.0,-169640.0,-273921.0,-223505.0,-169640.0
256,-273170.0,-233633.0,-177028.0,-271842.0,-237163.0,-169640.0,-273829.0,-230419.0,-169640.0
257,-273921.0,-223505.0,-169640.0,-273250.0,-219850.0,-177028.0,-274157.0,-226747.0,-177028.0
258,-267967.0,-243444.0,-169640.0,-270280.0,-240219.0,-177028.0,-265586.0,-246143.0,-177028.0
259,-270280.0,-240219.0,-177028.0,-267967.0,-243444.0,-169640.0,-271842.0,-237163.0,-169640.0
260,-265586.0,-246143.0,-177028.0,-262528.0,-248741.0,-169640.0,-267967.0,-243444.0,-169640.0
261,-271842.0,-237163.0,-169640.0,-273170.0,-233633.0,-177028.0,-270280.0,-240219.0,-177028.0
262,-256168.0,-252328.0,-169640.0,-259634.0,-250723.0,-177028.0,-253022.0,-253365.0,-177028.0
263,-259634.0,-250723.0,-177028.0,-256168.0,-252328.0,-169640.0,-262528.0,-248741.0,-169640.0
264,-253022.0,-253365.0,-177028.0,-249368.0,-253958.0,-169640.0,-256168.0,-252328.0,-169640.0
265,-262528.0,-248741.0,-169640.0,-265586.0,-246143.0,-177028.0,-259634.0,-250723.0,-177028.0
266,-246486.0,-198965.0,-177028.0,-243020.0,-199122.0,-184212.0,-249695.0,-199137.0,-184212.0
267,-253239.0,-199849.0,-177028.0,-249695.0,-199137.0,-184212.0,-256551.0,-200885.0,-184212.0
268,-249695.0,-199137.0,-184212.0,-253239.0,-199849.0,-177028.0,-246486.0,-198965.0,-177028.0
269,-256551.0,-200885.0,-184212.0,-259957.0,-202580.0,-177028.0,-253239.0,-199849.0,-177028.0
270,-265886.0,-207240.0,-177028.0,-262983.0,-204589.0,-184212.0,-268332.0,-209992.0,-184212.0
271,-262983.0,-204589.0,-184212.0,-265886.0,-207240.0,-177028.0,-259957.0,-202580.0,-177028.0
272,-268332.0,-209992.0,-184212.0,-270461.0,-213226.0,-177028.0,-265886.0,-207240.0,-177028.0
273,-259957.0,-202580.0,-177028.0,-256551.0,-200885.0,-184212.0,-262983.0,-204589.0,-184212.0
274,-273250.0,-219850.0,-177028.0,-272081.0,-216355.0,-184212.0,-273963.0,-223152.0,-184212.0
275,-272081.0,-216355.0,-184212.0,-273250.0,-219850.0,-177028.0,-270461.0,-213226.0,-177028.0
276,-273963.0,-223152.0,-184212.0,-274157.0,-226747.0,-177028.0,-273250.0,-219850.0,-177028.0
277,-270461.0,-213226.0,-177028.0,-268332.0,-209992.0,-184212.0,-272081.0,-216355.0,-184212.0
278,-273170.0,-233633.0,-177028.0,-273957.0,-230087.0,-184212.0,-272048.0,-236876.0,-184212.0
279,-273957.0,-230087.0,-184212.0,-273170.0,-233633.0,-177028.0,-274157.0,-226747.0,-177028.0
280,-272048.0,-236876.0,-184212.0,-270280.0,-240219.0,-177028.0,-273170.0,-233633.0,-177028.0
281,-274157.0,-226747.0,-177028.0,-273963.0,-223152.0,-184212.0,-273957.0,-230087.0,-184212.0
282,-265586.0,-246143.0,-177028.0,-268240.0,-243224.0,-184212.0,-262852.0,-248603.0,-184212.0
283,-268240.0,-243224.0,-184212.0,-265586.0,-246143.0,-177028.0,-270280.0,-240219.0,-177028.0
284,-262852.0,-248603.0,-184212.0,-259634.0,-250723.0,-177028.0,-265586.0,-246143.0,-177028.0
285,-270280.0,-240219.0,-177028.0,-272048.0,-236876.0,-184212.0,-268240.0,-243224.0,-184212.0
286,-253022.0,-253365.0,-177028.0,-256517.0,-252280.0,-184212.0,-249718.0,-253999.0,-184212.0
287,-256517.0,-252280.0,-184212.0,-253022.0,-253365.0,-177028.0,-259634.0,-250723.0,-177028.0
288,-259634.0,-250723.0,-177028.0,-262852.0,-248603.0,-184212.0,-256517.0,-252280.0,-184212.0
289,-243020.0,-199122.0,-184212.0,-246486.0,-198965.0,-177028.0,-239721.0,-199758.0,-177028.0
290,-243020.0,-199122.0,-184212.0,-239528.0,-199734.0,-191138.0,-246304.0,-198895.0,-191138.0
291,-249695.0,-199137.0,-184212.0,-246304.0,-198895.0,-191138.0,-253080.0,-199737.0,-191138.0
292,-246304.0,-198895.0,-191138.0,-249695.0,-199137.0,-184212.0,-243020.0,-199122.0,-184212.0
293,-253080.0,-199737.0,-191138.0,-256551.0,-200885.0,-184212.0,-249695.0,-199137.0,-184212.0
294,-262983.0,-204589.0,-184212.0,-259833.0,-202431.0,-191138.0,-265807.0,-207062.0,-191138.0
295,-259833.0,-202431.0,-191138.0,-262983.0,-204589.0,-184212.0,-256551.0,-200885.0,-184212.0
296,-265807.0,-207062.0,-191138.0,-268332.0,-209992.0,-184212.0,-262983.0,-204589.0,-184212.0
297,-256551.0,-200885.0,-184212.0,-253080.0,-199737.0,-191138.0,-259833.0,-202431.0,-191138.0
298,-272081.0,-216355.0,-184212.0,-270433.0,-213034.0,-191138.0,-273273.0,-219656.0,-191138.0
299,-270433.0,-213034.0,-191138.0,-272081.0,-216355.0,-184212.0,-268332.0,-209992.0,-184212.0
300,-273273.0,-219656.0,-191138.0,-273963.0,-223152.0,-184212.0,-272081.0,-216355.0,-184212.0
301,-268332.0,-209992.0,-184212.0,-265807.0,-207062.0,-191138.0,-270433.0,-213034.0,-191138.0
302,-273957.0,-230087.0,-184212.0,-274227.0,-226563.0,-191138.0,-273284.0,-233473.0,-191138.0
303,-274227.0,-226563.0,-191138.0,-273957.0,-230087.0,-184212.0,-273963.0,-223152.0,-184212.0
304,-273284.0,-233473.0,-191138.0,-272048.0,-236876.0,-184212.0,-273957.0,-230087.0,-184212.0
305,-273963.0,-223152.0,-184212.0,-273273.0,-219656.0,-191138.0,-274227.0,-226563.0,-191138.0
306,-268240.0,-243224.0,-184212.0,-270429.0,-240095.0,-191138.0,-265763.0,-246065.0,-191138.0
307,-270429.0,-240095.0,-191138.0,-268240.0,-243224.0,-184212.0,-272048.0,-236876.0,-184212.0
308,-265763.0,-246065.0,-191138.0,-262852.0,-248603.0,-184212.0,-268240.0,-243224.0,-184212.0
309,-272048.0,-236876.0,-184212.0,-273284.0,-233473.0,-191138.0,-270429.0,-240095.0,-191138.0
310,-256517.0,-252280.0,-184212.0,-259826.0,-250695.0,-191138.0,-253215.0,-253387.0,-191138.0
311,-259826.0,-250695.0,-191138.0,-256517.0,-252280.0,-184212.0,-262852.0,-248603.0,-184212.0
312,-253215.0,-253387.0,-191138.0,-249718.0,-253999.0,-184212.0,-256517.0,-252280.0,-184212.0
313,-262852.0,-248603.0,-184212.0,-265763.0,-246065.0,-191138.0,-259826.0,-250695.0,-191138.0
314,-253080.0,-199737.0,-191138.0,-249643.0,-199082.0,-197776.0,-256515.0,-200819.0,-197776.0
315,-249643.0,-199082.0,-197776.0,-253080.0,-199737.0,-191138.0,-246304.0,-198895.0,-191138.0
316,-256515.0,-200819.0,-197776.0,-259833.0,-202431.0,-191138.0,-253080.0,-199737.0,-191138.0
317,-265807.0,-207062.0,-191138.0,-262965.0,-204516.0,-197776.0,-268335.0,-209916.0,-197776.0
318,-262965.0,-204516.0,-197776.0,-265807.0,-207062.0,-191138.0,-259833.0,-202431.0,-191138.0
319,-268335.0,-209916.0,-197776.0,-270433.0,-213034.0,-191138.0,-265807.0,-207062.0,-191138.0
320,-259833.0,-202431.0,-191138.0,-256515.0,-200819.0,-197776.0,-262965.0,-204516.0,-197776.0
321,-273273.0,-219656.0,-191138.0,-272104.0,-216283.0,-197776.0,-274004.0,-223088.0,-197776.0
322,-272104.0,-216283.0,-197776.0,-273273.0,-219656.0,-191138.0,-270433.0,-213034.0,-191138.0
323,-274004.0,-223088.0,-197776.0,-274227.0,-226563.0,-191138.0,-273273.0,-219656.0,-191138.0
324,-270433.0,-213034.0,-191138.0,-268335.0,-209916.0,-197776.0,-272104.0,-216283.0,-197776.0
325,-273284.0,-233473.0,-191138.0,-274012.0,-230035.0,-197776.0,-272115.0,-236840.0,-197776.0
326,-274012.0,-230035.0,-197776.0,-273284.0,-233473.0,-191138.0,-274227.0,-226563.0,-191138.0
327,-272115.0,-236840.0,-197776.0,-270429.0,-240095.0,-191138.0,-273284.0,-233473.0,-191138.0
328,-274227.0,-226563.0,-191138.0,-274004.0,-223088.0,-197776.0,-274012.0,-230035.0,-197776.0
329,-265763.0,-246065.0,-191138.0,-268313.0,-243206.0,-197776.0,-262927.0,-248606.0,-197776.0
330,-268313.0,-243206.0,-197776.0,-265763.0,-246065.0,-191138.0,-270429.0,-240095.0,-191138.0
331,-262927.0,-248606.0,-197776.0,-259826.0,-250695.0,-191138.0,-265763.0,-246065.0,-191138.0
332,-270429.0,-240095.0,-191138.0,-272115.0,-236840.0,-197776.0,-268313.0,-243206.0,-197776.0
333,-253215.0,-253387.0,-191138.0,-256590.0,-252303.0,-197776.0,-249782.0,-254039.0,-197776.0
334,-256590.0,-252303.0,-197776.0,-253215.0,-253387.0,-191138.0,-259826.0,-250695.0,-191138.0
335,-259826.0,-250695.0,-191138.0,-262927.0,-248606.0,-197776.0,-256590.0,-252303.0,-197776.0
336,-242957.0,-199082.0,-197776.0,-246304.0,-198895.0,-191138.0,-239528.0,-199734.0,-191138.0
